<groups><group guid="{00000000-0000-0000-0000-000000000000}" enable="True"><Name>default</Name><Comments>default folder (root)</Comments><LastModifiedTime>9/22/2015 8:54:08 PM</LastModifiedTime><LastModifiedBy>VIAMONSTRA\Administrator</LastModifiedBy><Member>{3359c71b-812d-460d-9925-2eb74223878b}</Member><Member>{ff0981c9-5d79-4eae-b78f-6d9599cab3fa}</Member><Member>{95c2a915-8eda-40db-8bfe-2becb7e0983a}</Member><Member>{af76f264-1088-42ec-982e-230828813986}</Member><Member>{023c9534-d6d7-4e94-9165-c056f20577f0}</Member></group><group guid="{FFFFFFFF-FFFF-FFFF-FFFF-FFFFFFFFFFFF}" enable="True"><Name>hidden</Name><Comments>This folder contains shared source items that have not been made explicitly visible in this deployment share.</Comments></group></groups>