<applications><application guid="{3359c71b-812d-460d-9925-2eb74223878b}" hide="" enable="True"><Name>Configure - Final Cleanup</Name><Comments></Comments><CreatedTime>6/26/2013 10:41:44 AM</CreatedTime><CreatedBy>WIN-QJG36OC866D\Administrator</CreatedBy><LastModifiedTime>6/26/2013 10:41:44 AM</LastModifiedTime><LastModifiedBy>HYPERV001\johan.arwidmark</LastModifiedBy><DisplayName></DisplayName><ShortName>Configure - Final Cleanup</ShortName><Version></Version><Publisher></Publisher><Language></Language><Source>.\Applications\Configure - Final Cleanup</Source><CommandLine>cscript.exe Configure-FinalCleanup.wsf</CommandLine><WorkingDirectory>.\Applications\Configure - Final Cleanup</WorkingDirectory><UninstallKey></UninstallKey><Reboot>False</Reboot></application><application guid="{ff0981c9-5d79-4eae-b78f-6d9599cab3fa}" hide="" enable="True"><Name>Configure - Set Administrator Autologon in Domain</Name><Comments></Comments><CreatedTime>6/26/2013 10:41:44 AM</CreatedTime><CreatedBy>WIN-QJG36OC866D\Administrator</CreatedBy><LastModifiedTime>6/26/2013 10:41:44 AM</LastModifiedTime><LastModifiedBy>HYPERV001\johan.arwidmark</LastModifiedBy><DisplayName></DisplayName><ShortName>Configure - Set Administrator Autologon in Domain</ShortName><Version></Version><Publisher></Publisher><Language></Language><Source>.\Applications\Configure - Set Administrator Autologon in Domain</Source><CommandLine>cscript.exe Configure-SetAdministratorAutologoninDomain.wsf</CommandLine><WorkingDirectory>.\Applications\Configure - Set Administrator Autologon in Domain</WorkingDirectory><UninstallKey></UninstallKey><Reboot>False</Reboot></application><application guid="{95c2a915-8eda-40db-8bfe-2becb7e0983a}" hide="" enable="True"><Name>Install - BGInfo</Name><Comments></Comments><CreatedTime>6/26/2013 10:41:45 AM</CreatedTime><CreatedBy>WIN-QJG36OC866D\Administrator</CreatedBy><LastModifiedTime>6/26/2013 10:41:45 AM</LastModifiedTime><LastModifiedBy>HYPERV001\johan.arwidmark</LastModifiedBy><DisplayName></DisplayName><ShortName>Install - BGInfo</ShortName><Version></Version><Publisher></Publisher><Language></Language><Source>.\Applications\Install - BGInfo</Source><CommandLine>cscript.exe Install-BGInfo.wsf</CommandLine><WorkingDirectory>.\Applications\Install - BGInfo</WorkingDirectory><UninstallKey></UninstallKey><Reboot></Reboot></application><application guid="{023c9534-d6d7-4e94-9165-c056f20577f0}" enable="True"><Name>Install - Microsoft Visual C++ - x86-x64</Name><CreatedTime>9/21/2015 7:46:39 PM</CreatedTime><CreatedBy>HYPERV003\Administrator</CreatedBy><LastModifiedTime>9/21/2015 7:46:39 PM</LastModifiedTime><LastModifiedBy>HYPERV003\Administrator</LastModifiedBy><ShortName>Install - Microsoft Visual C++ - x86-x64</ShortName><Version></Version><Publisher></Publisher><Language></Language><Source>.\Applications\Install - Microsoft Visual C++ - x86-x64</Source><CommandLine>cscript.exe Install-MicrosoftVisualC++x86x64.wsf</CommandLine><WorkingDirectory>.\Applications\Install - Microsoft Visual C++ - x86-x64</WorkingDirectory></application><application guid="{af76f264-1088-42ec-982e-230828813986}" enable="True"><Name>Install - Microsoft .NET Framework 4.6</Name><CreatedTime>9/22/2015 8:54:08 PM</CreatedTime><CreatedBy>VIAMONSTRA\Administrator</CreatedBy><LastModifiedTime>9/22/2015 8:54:08 PM</LastModifiedTime><LastModifiedBy>VIAMONSTRA\Administrator</LastModifiedBy><ShortName>Install - Microsoft .NET Framework 4.6</ShortName><Version></Version><Publisher></Publisher><Language></Language><Source>.\Applications\Install - Microsoft .NET Framework 4.6</Source><CommandLine>cscript.exe Install-NetFramework46.wsf</CommandLine><WorkingDirectory>.\Applications\Install - Microsoft .NET Framework 4.6</WorkingDirectory></application></applications>