<groups><group guid="{00000000-0000-0000-0000-000000000000}" enable="True"><Name>default</Name><Comments>default folder (root)</Comments><LastModifiedTime>9/21/2015 7:28:35 PM</LastModifiedTime><LastModifiedBy>HYPERV003\Administrator</LastModifiedBy><Member>{19fc9017-4b75-4f5a-b95a-902fb2632373}</Member><Member>{c9939aba-5734-4d65-b015-cd88589d9f0d}</Member><Member>{b15aa626-cda5-4080-978c-1d5d52ba87f2}</Member><Member>{ebeb3bf0-1d31-4fe0-be05-4d4b2a1e6b9c}</Member><Member>{5531b2db-3c6c-444b-ae79-c60d9112a5df}</Member></group><group guid="{FFFFFFFF-FFFF-FFFF-FFFF-FFFFFFFFFFFF}" enable="True"><Name>hidden</Name><Comments>This folder contains shared source items that have not been made explicitly visible in this deployment share.</Comments><LastModifiedTime>10/18/2013 9:54:35 PM</LastModifiedTime><LastModifiedBy>WIN-QJG36OC866D\Administrator</LastModifiedBy></group></groups>