<tss><ts guid="{37d68cad-4bc5-4560-ac51-b56c581e0d3f}" hide="False" enable="True"><Name>PC0002 - Base Operating System</Name><Comments>Windows 7 SP1 x64 (2 GB RAM minimum)</Comments><CreatedTime>10/27/2013 8:06:45 PM</CreatedTime><CreatedBy>WIN-QJG36OC866D\Administrator</CreatedBy><LastModifiedTime>9/21/2015 9:56:27 PM</LastModifiedTime><LastModifiedBy>VIAMONSTRA\Administrator</LastModifiedBy><ID>PC0002</ID><Version>1.0</Version><TaskSequenceTemplate>Client.xml</TaskSequenceTemplate></ts><ts guid="{8b361932-e14e-4d4d-a925-9580548735be}" hide="False" enable="True"><Name>DC01 - Base Operating System</Name><Comments>Windows Server 2012 R2 (1 GB RAM minimum, 2 GB RAM recommended)</Comments><CreatedTime>9/21/2015 7:58:45 PM</CreatedTime><CreatedBy>VIAMONSTRA\Administrator</CreatedBy><LastModifiedTime>9/21/2015 9:36:32 PM</LastModifiedTime><LastModifiedBy>VIAMONSTRA\Administrator</LastModifiedBy><ID>DC01</ID><Version>1.0</Version><TaskSequenceTemplate>Server.xml</TaskSequenceTemplate></ts><ts guid="{4e753857-d6b9-441a-af59-d82b9e0de2d7}" hide="False" enable="True"><Name>MDT01 - Base Operating System</Name><Comments>Windows Server 2012 R2 (2 GB RAM minimum, 4 GB RAM recommended)</Comments><CreatedTime>9/21/2015 8:01:46 PM</CreatedTime><CreatedBy>VIAMONSTRA\Administrator</CreatedBy><LastModifiedTime>9/21/2015 9:36:45 PM</LastModifiedTime><LastModifiedBy>VIAMONSTRA\Administrator</LastModifiedBy><ID>MDT01</ID><Version>1.0</Version><TaskSequenceTemplate>Server.xml</TaskSequenceTemplate></ts><ts guid="{38e8b14e-1689-4083-a8b6-73ef4daa3bdb}" hide="False" enable="True"><Name>PC0001 - Base Operating System</Name><Comments>Windows 7 SP1 x64 (2 GB RAM minimum)</Comments><CreatedTime>9/21/2015 8:03:07 PM</CreatedTime><CreatedBy>VIAMONSTRA\Administrator</CreatedBy><LastModifiedTime>9/21/2015 9:56:14 PM</LastModifiedTime><LastModifiedBy>VIAMONSTRA\Administrator</LastModifiedBy><ID>PC0001</ID><Version>1.0</Version><TaskSequenceTemplate>Client.xml</TaskSequenceTemplate></ts><ts guid="{768c1c76-7f71-4f90-9429-d35ba8ab0360}" hide="False" enable="True"><Name>GW01 - Base Operating System</Name><Comments>Windows Server 2012 R2 (1 GB RAM minimum)</Comments><CreatedTime>9/21/2015 8:29:49 PM</CreatedTime><CreatedBy>VIAMONSTRA\Administrator</CreatedBy><LastModifiedTime>9/21/2015 9:36:39 PM</LastModifiedTime><LastModifiedBy>VIAMONSTRA\Administrator</LastModifiedBy><ID>GW01</ID><Version>1.0</Version><TaskSequenceTemplate>Server.xml</TaskSequenceTemplate></ts><ts guid="{cbc7ad60-ae34-4422-8b2d-0644a2f2c50a}" hide="False" enable="True"><Name>WSUS01 - Base Operating System</Name><Comments>Windows Server 2012 R2 (2 GB RAM minimum, 4 GB RAM recommended)</Comments><CreatedTime>9/21/2015 8:31:42 PM</CreatedTime><CreatedBy>VIAMONSTRA\Administrator</CreatedBy><LastModifiedTime>9/21/2015 9:36:52 PM</LastModifiedTime><LastModifiedBy>VIAMONSTRA\Administrator</LastModifiedBy><ID>WSUS01</ID><Version>1.0</Version><TaskSequenceTemplate>Server.xml</TaskSequenceTemplate></ts><ts guid="{ce1901fa-d0b1-4512-af1a-29a0e3c72ad9}" hide="False" enable="True"><Name>MDT02 - Base Operating System</Name><Comments>Windows Server 2012 R2 (2 GB RAM minimum, 4 GB RAM recommended)</Comments><CreatedTime>12/19/2015 1:14:25 AM</CreatedTime><CreatedBy>HV04\Administrator</CreatedBy><LastModifiedTime>12/19/2015 1:15:30 AM</LastModifiedTime><LastModifiedBy>HV04\Administrator</LastModifiedBy><ID>MDT02</ID><Version>1.0</Version><TaskSequenceTemplate>Server.xml</TaskSequenceTemplate></ts></tss>