<groups><group guid="{00000000-0000-0000-0000-000000000000}" enable="True"><Name>default</Name><Comments>default folder (root)</Comments><LastModifiedTime>12/19/2015 1:14:26 AM</LastModifiedTime><LastModifiedBy>HV04\Administrator</LastModifiedBy><Member>{8b361932-e14e-4d4d-a925-9580548735be}</Member><Member>{768c1c76-7f71-4f90-9429-d35ba8ab0360}</Member><Member>{4e753857-d6b9-441a-af59-d82b9e0de2d7}</Member><Member>{ce1901fa-d0b1-4512-af1a-29a0e3c72ad9}</Member><Member>{38e8b14e-1689-4083-a8b6-73ef4daa3bdb}</Member><Member>{37d68cad-4bc5-4560-ac51-b56c581e0d3f}</Member><Member>{cbc7ad60-ae34-4422-8b2d-0644a2f2c50a}</Member></group><group guid="{FFFFFFFF-FFFF-FFFF-FFFF-FFFFFFFFFFFF}" enable="True"><Name>hidden</Name><Comments>This folder contains shared source items that have not been made explicitly visible in this deployment share.</Comments></group></groups>